ID,âÒêî,çsêî,ï“èWé“
BiO9B9t4xiT,2,7,BiO9B9t4xiT
keYEKDrRYl,1,1,BiO9B9t4xiT
E5oN997tA9v,1,10,keYEKDrRYl
HrG78k72T2s,1,2,E5oN997tA9v
#NAME?,1,1,HrG78k72T2s
xVsvnquz834,1,1,-t1buG66449
cZDLuGRhefQ,1,13,xVsvnquz834
QH5pPrrgWOp,1,26,cZDLuGRhefQ
VJzcwvPo,1,1,QH5pPrrgWOp
sOr5vckj,1,3,VJzcwvPo
cCEggKEl,1,17,sOr5vckj
BbG7zuvU,2,5,cCEggKEl
ovw6-gRY,1,1,BbG7zuvU
b6itb_dq,1,4,BbG7zuvU
a-BIBUvd,1,3,ovw6-gRY
bG6lmWTj,1,1,b6itb_dq
RRRUg4Or,1,1,a-BIBUvd
Sxgxd5cp,1,1,bG6lmWTj
AxZObLjd,1,1,RRRUg4Or
YVXPr2aQ,1,1,Sxgxd5cp
OXR1yTQS,1,178,AxZObLjd
UoVOBV9N,1,1,YVXPr2aQ
C-ArNILu,8,10,OXR1yTQS
MIR-GZO1,1,156,UoVOBV9N
Runq4ebp,1,1,C-ArNILu
G6duaKBa,2,2,C-ArNILu
eXpMuKzx,1,1,C-ArNILu
TU45o_y1,10,262,C-ArNILu
BeC1O3zx,1,3,C-ArNILu
qRvhCYJ-,1,0,C-ArNILu
lXanFoZT,1,1,C-ArNILu
t192Raj9,1,1,C-ArNILu
nkqkvJjM,1,5,MIR-GZO1
SWVFegPH,1,2,Runq4ebp
0pJTDWTy,2,1,G6duaKBa
eB3j1nyB,4,402,G6duaKBa
1cLsW6803P9,2,43,eXpMuKzx
9iCne1slaAT,1,102,TU45o_y1
vy3IZCjlhAX,4,676,TU45o_y1
C2S3JBMa,1,0,TU45o_y1
GXjXVarz,4,108,TU45o_y1
hH3Pfjbq,7,7,TU45o_y1
X1MvY3Np1-O,1,1,TU45o_y1
ebrp02Kk73U,1,1,TU45o_y1
W8T7ZwsUiX-,1,1,TU45o_y1
#NAME?,1,29,TU45o_y1
g37_VGUNqVS,1,25,TU45o_y1
eGBpk0OwqVS,1,13,BeC1O3zx
DtXIhzIbGag,1,1,qRvhCYJ-
4VYbbKv40Sl,1,1,lXanFoZT
kgPhu0UQjpx,1,1,t192Raj9
Nxv492fE1ka,1,1,nkqkvJjM
Q1pyRKuzA1V,1,1,SWVFegPH
SHyuqVMg-HH,2,2,0pJTDWTy
fDTpYeaRy4H,3,4,0pJTDWTy
XfQOgpRc,1,1,eB3j1nyB
LF4gDzAI,3,7,eB3j1nyB
ODmoxpMm,1,2,eB3j1nyB
xjCNBdEf,1,1,eB3j1nyB
TRQ8YTZl,2,2,1cLsW6803P9
4XTtGWpH,2,2,1cLsW6803P9
crDhrXUF,2,2,9iCne1slaAT
CZ1fXpJ6,13,50,vy3IZCjlhAX
HxNULrLwYok,1,2,C2S3JBMa
209wMHuch2Q,1,6,GXjXVarz
abyRJ3l33Cd,2,22,GXjXVarz
YLyw6t4J3Cd,2,26,GXjXVarz
up9ZyUnu3Cd,4,18,GXjXVarz
zXAPwvgi3Cd,1,1,hH3Pfjbq
tlysDBfUTY2,1,0,hH3Pfjbq
LgjdbtYYyUu,3,48,hH3Pfjbq
vy3IZCjlhAX,4,676,hH3Pfjbq
rR5BukZVxLO,1,1,hH3Pfjbq
gWYdC93GJJq,1,1,hH3Pfjbq
pfiNp_42mPQ,1,1,hH3Pfjbq
imxPL4Bj7iI,1,3,X1MvY3Np1-O
N78e78_rNG1,1,2,ebrp02Kk73U
Inh6wXNkXxt,1,1,W8T7ZwsUiX-
hMGPDKaerLm,1,4,-uQaYB4HXrP
KotZwxR3,1,3,g37_VGUNqVS
el7mMXsi,1,102,eGBpk0OwqVS
xCXnf4UG,1,1,DtXIhzIbGag
wa9f8qOF,1,1,4VYbbKv40Sl
kBRU-7hP,2,9,kgPhu0UQjpx
jonUn6o-,1,1,Nxv492fE1ka
oDFDAtXR,1,1,Q1pyRKuzA1V
Yt0KzMFI,1,9,SHyuqVMg-HH
l7KRIUaW,2,3,SHyuqVMg-HH
BjEYmx1n,1,1,fDTpYeaRy4H
VZBJvlP8,1,3,fDTpYeaRy4H
dNVuo8IX,2,3,fDTpYeaRy4H
UzEljPAe,1,3,XfQOgpRc
Ckb37w-w,1,15,LF4gDzAI
eIoET34G,2,19,LF4gDzAI
SrIRJ0UB,1,1,LF4gDzAI
yoQMu7RH,4,30,ODmoxpMm
lN8IOgyx,2,2,xjCNBdEf
yoQMu7RH,4,30,TRQ8YTZl
MjvvtzZM,1,5,TRQ8YTZl
F1Vjwhzf,1,1,4XTtGWpH
QYpDchqd,1,1,4XTtGWpH
76SqG5JC,1,1,crDhrXUF
a04puA3I,2,3,crDhrXUF
xM46hFB-,1,1,CZ1fXpJ6
nvXwRixf,1,5,CZ1fXpJ6
n7JyJeKR,2,2,CZ1fXpJ6
,,,CZ1fXpJ6
,,,CZ1fXpJ6
,,,CZ1fXpJ6
,,,CZ1fXpJ6
,,,CZ1fXpJ6
,,,CZ1fXpJ6
,,,CZ1fXpJ6
,,,CZ1fXpJ6
,,,CZ1fXpJ6
,,,CZ1fXpJ6
,,,HxNULrLwYok
,,,209wMHuch2Q
,,,abyRJ3l33Cd
,,,abyRJ3l33Cd
,,,YLyw6t4J3Cd
,,,YLyw6t4J3Cd
,,,up9ZyUnu3Cd
,,,up9ZyUnu3Cd
,,,up9ZyUnu3Cd
,,,up9ZyUnu3Cd
,,,zXAPwvgi3Cd
,,,tlysDBfUTY2
,,,LgjdbtYYyUu
,,,LgjdbtYYyUu
,,,LgjdbtYYyUu
,,,vy3IZCjlhAX
,,,vy3IZCjlhAX
,,,vy3IZCjlhAX
,,,rR5BukZVxLO
,,,gWYdC93GJJq
,,,pfiNp_42mPQ
,,,imxPL4Bj7iI
,,,N78e78_rNG1
,,,Inh6wXNkXxt
,,,hMGPDKaerLm
,,,KotZwxR3
,,,el7mMXsi
,,,xCXnf4UG
,,,wa9f8qOF
,,,kBRU-7hP
,,,kBRU-7hP
,,,jonUn6o-
,,,oDFDAtXR
,,,Yt0KzMFI
,,,l7KRIUaW
,,,l7KRIUaW
,,,BjEYmx1n
,,,VZBJvlP8
,,,dNVuo8IX
,,,dNVuo8IX
,,,UzEljPAe
,,,Ckb37w-w
,,,eIoET34G
,,,eIoET34G
,,,SrIRJ0UB
,,,yoQMu7RH
,,,lN8IOgyx
,,,lN8IOgyx
,,,yoQMu7RH
,,,yoQMu7RH
,,,yoQMu7RH
,,,MjvvtzZM
,,,F1Vjwhzf
,,,QYpDchqd
,,,76SqG5JC
,,,a04puA3I
,,,a04puA3I
,,,xM46hFB-
,,,nvXwRixf
,,,n7JyJeKR
,,,n7JyJeKR
